job_title,job_description,skills
Digital Marketing Specialist,"Social Media Managers oversee an organizations social media presence. They create and schedule content, engage with followers, and analyze social media metrics to drive brand awareness and engagement.",c
Web Developer,"Frontend Web Developers design and implement user interfaces for websites, ensuring they are visually appealing and user-friendly. They collaborate with designers and backend developers to create seamless web experiences for users.",c
Operations Manager,"Quality Control Managers establish and enforce quality standards within an organization. They develop quality control processes, perform inspections, and implement corrective actions to maintain product or service quality.",c
Network Engineer,"Wireless Network Engineers design, implement, and maintain wireless network solutions. They optimize wireless connectivity, troubleshoot issues, and ensure reliable and secure wireless communications.","c, communication"
Event Manager,"A Conference Manager coordinates and manages conferences, meetings, and events. They plan logistics, handle budgeting, liaise with vendors, and ensure the smooth execution of events, catering to the needs and expectations of attendees.","c, logistics"
Software Tester,"A Quality Assurance Analyst tests software and products to ensure they meet quality standards. They identify defects, report issues, and work with development teams to resolve problems.",c
Teacher,"A Classroom Teacher educates students in a specific subject or grade level. They create lesson plans, deliver instruction, assess student progress, and foster a positive learning environment.",c
UX/UI Designer,"User Interface Designers focus on the visual and interactive aspects of digital interfaces. They design layouts, buttons, and other elements to ensure a cohesive and visually appealing user interface.","c, ui design"
UX/UI Designer,Interaction Designers specialize in designing user interactions within digital interfaces. They create meaningful and engaging user experiences by considering user behaviors and system responses.,"c, ui design"
Wedding Planner,"A Wedding Consultant assists couples in planning and coordinating their weddings, helping them with vendor selection, budget management, and ensuring a seamless wedding day experience.",c
QA Analyst,"Performance Testing Specialists assess the performance of software applications by conducting load, stress, and scalability tests. They identify bottlenecks, optimize performance, and ensure software can handle user demands effectively.",c
Litigation Attorney,"Family Law Attorneys deal with legal matters related to family relationships. They handle cases like divorce, child custody, adoption, and domestic disputes to provide legal guidance.",c
Mechanical Engineer,"Mechanical Design Engineers create and develop mechanical systems and components, from concept to manufacturing, ensuring functionality and safety.",c
Network Administrator,"Protect an organizations computer networks and systems from security threats, monitor network traffic, and respond to incidents.",c
Account Manager,"A Sales Account Manager is responsible for building and maintaining relationships with clients, identifying their needs, and proposing tailored solutions to achieve sales targets.",c
Brand Manager,A Product Brand Manager focuses on promoting and managing the brand identity of specific products or product lines within a companys portfolio.,c
Social Worker,"Support students social and emotional well-being in schools, collaborate with educators, and connect families with resources.",c
Social Media Coordinator,"Create engaging and relevant content, such as articles, videos, or social media posts, to promote brands or products.",c
Email Marketing Specialist,"Monitor and improve email deliverability rates, troubleshoot delivery issues, and maintain a clean email list.",c
HR Generalist,"HR Coordinators assist in HR functions such as recruitment, onboarding, and employee record maintenance. They often handle administrative tasks, organize training programs, and provide support to the HR department in various ways.",c
Legal Assistant,"Provide administrative support to legal professionals, manage schedules, draft documents, and handle correspondence.",c
Nurse Practitioner,"Family Nurse Practitioners specialize in family-centered healthcare, providing comprehensive medical care to individuals of all ages within a family context.",c
Account Director,"Account Strategists work in advertising or marketing agencies, managing client accounts. They develop strategies to meet client goals, oversee campaign execution, and maintain client satisfaction by providing expert guidance and solutions.","c, go"
Software Engineer,"A Backend Developer is tasked with building and maintaining the server-side logic and database infrastructure of web applications. They work on the core functionality, data storage, and server communication to ensure the application runs smoothly and efficiently.","c, communication"
Purchasing Agent,"A Supply Chain Coordinator manages supply chain operations, coordinates logistics, and ensures the seamless flow of goods and materials throughout the supply chain network.","c, go, logistics"
Sales Consultant,"B2B Sales Consultants specialize in business-to-business sales. They identify and target potential corporate clients, negotiate contracts, and build long-term relationships to drive sales growth in the B2B market.","c, go"
Civil Engineer,"A Structural Engineer designs and analyzes the structural integrity of buildings, bridges, and other structures. They ensure safety and compliance with engineering standards.",c
Network Security Specialist,"SOC Analysts work in security operations centers. They monitor and respond to security incidents, analyze threats, and implement security protocols to protect an organizations assets.",c
UI Developer,A Front-End Developer specializes in creating the user interface and user experience of websites or applications. They code and design elements that users interact with directly.,c
Financial Planner,"Assist clients with tax planning, minimize tax liabilities, and stay up-to-date with tax laws and regulations.","aws, c"
Event Planner,"Event Coordinators plan and execute various events, including conferences, parties, and meetings, managing logistics, budgets, and vendor relationships.","c, logistics"
Psychologist,"Clinical Psychologists diagnose and treat mental health disorders. They conduct therapy sessions, assessments, and research to improve patients well-being.",c
Electrical Designer,"Electrical Engineers design and develop electrical systems and devices. They work on projects such as power generation, electronics, and control systems for various industries.",c
Electrical Designer,"Lighting Designers create lighting plans for architectural and artistic purposes. They enhance spaces with lighting effects, aesthetics, and energy-efficient lighting solutions.",c
Data Analyst,"Business Intelligence Analysts gather and analyze data to provide valuable insights to support decision-making within an organization. They create reports, dashboards, and data visualizations to help stakeholders understand trends, patterns, and opportunities in the data.",c
Technical Writer,"Content Writers create written content for various platforms. They produce articles, blog posts, and web content to inform, educate, or entertain audiences.",c
Tax Consultant,A Personal Tax Consultant provides tax planning and preparation services to individuals. They help clients optimize their tax situations while ensuring compliance with tax laws.,"aws, c"
Software Tester,An Automation Tester uses automated testing tools to verify the functionality and performance of software applications. They create and execute automated test scripts.,c
Account Executive,"A Sales Account Executive is responsible for acquiring and managing business accounts. They identify sales opportunities, negotiate contracts, and meet revenue targets.","c, go"
Systems Administrator,"IT Support Specialists provide technical assistance to end-users, troubleshooting hardware and software problems, setting up equipment, and maintaining IT infrastructure.",c
Database Administrator,"A Database Developer designs, develops, and maintains databases. They create efficient data structures, write queries, and ensure data security and integrity.",c
Research Analyst,"A Social Science Researcher conducts research in fields such as sociology, psychology, or anthropology to study human behavior and social phenomena, contributing to academic knowledge.",c
Data Entry Clerk,"A Record Keeper is responsible for maintaining accurate records and databases, ensuring data integrity, and assisting in data retrieval when needed.",c
Registered Nurse,"A Staff Nurse provides patient care, administers medications, and collaborates with healthcare teams to ensure the well-being of patients in clinical settings.","c, patient care"
Tax Consultant,"An International Tax Consultant focuses on tax matters related to international business operations, ensuring compliance with global tax laws and optimizing tax structures.","aws, c"
Investment Analyst,A Risk Analyst assesses and manages financial risks within an organization. They use data analysis and modeling to evaluate potential risks and recommend mitigation strategies.,c
Speech Therapist,"Speech Pathologists diagnose and treat speech, language, and swallowing disorders in patients of all ages. They develop personalized treatment plans to improve communication.","c, communication"
Sales Manager,"Oversee sales operations within a specific region, develop sales plans, and manage regional sales teams.",c
Social Worker,"Offer counseling and therapy services to individuals, couples, or groups, helping them address mental health concerns.",c
Landscape Architect,"Develop and implement urban planning strategies, manage land use, and ensure sustainable city development.",c
Key Account Manager,"Strategic Account Managers nurture relationships with key clients. They develop account strategies, address client needs, and seek opportunities for business growth and expansion.",c
UX Researcher,"Conduct user research to understand customer needs, preferences, and behaviors to inform product development.",c
Investment Banker,"A Financial Analyst conducts financial analysis, generates reports, and provides insights to support decision-making, budgeting, and financial planning.","c, financial analysis"
IT Support Specialist,"Desktop Support Technicians troubleshoot and maintain desktop computer systems, resolving hardware and software problems for users.",c
Art Director,"An Art Curator is responsible for managing and preserving a collection of artworks. They curate exhibitions, acquire new pieces, and educate the public about the art.",c
Software Developer,Mobile App Developers design and develop mobile applications for various platforms. They collaborate with cross-functional teams to create user-friendly and functional mobile apps that meet user needs.,c
Project Manager,"The Agile Project Manager leads Agile teams, facilitating effective project development and delivery. They use Agile methodologies to manage tasks, prioritize work, and adapt to changing requirements while fostering collaboration among team members.","agile, c"
Customer Service Manager,"Service Quality Assurance Managers monitor and evaluate service quality in an organization. They develop quality standards, conduct audits, analyze customer feedback, and implement improvements to ensure consistent high-quality service delivery.",c
Procurement Manager,"Analyze procurement data, identify cost-saving opportunities, and support the procurement process.","c, procurement"
Substance Abuse Counselor,"A Family Counselor works with families to address interpersonal issues, improve communication, and resolve conflicts, fostering healthier family dynamics.","c, communication"
Supply Chain Analyst,"A Logistics Analyst analyzes and optimizes logistics and supply chain operations, identifying cost-saving opportunities, improving transportation efficiency, and enhancing supply chain performance.","c, logistics"
Data Engineer,"A Data Architect designs and manages data infrastructure, ensuring data availability, security, and integrity while aligning data systems with business goals and requirements.","c, go"
Technical Writer,"Documentation Specialists create and manage documents, manuals, or technical materials. They ensure accuracy, consistency, and accessibility of documentation.",c
Accountant,"Financial Accountants handle financial records, prepare financial statements, and ensure compliance with accounting standards. They analyze financial data to provide accurate financial reports and support decision-making within the organization.","accounting, c"
Sales Representative,"Inside Sales Representatives are responsible for selling products or services to customers over the phone or through online channels. They engage with leads, answer customer inquiries, and use persuasive communication to close sales and meet revenue targets.","c, communication"
Purchasing Agent,"An Inventory Manager oversees inventory levels, coordinates stock movements, and optimizes inventory control procedures to ensure efficient stock management and product availability.",c
QA Analyst,Automation Test Engineers develop automated test scripts and frameworks to streamline and enhance the testing process. They focus on automating repetitive tests to improve efficiency and maintain test consistency.,c
Environmental Consultant,"Sustainability Consultants advise organizations on sustainable practices and strategies. They assess environmental impact, recommend sustainability initiatives, and assist in the development and implementation of sustainable policies.",c
Electrical Engineer,"Electronics Hardware Engineers develop and design electronic components and systems, from circuit boards to hardware prototypes, ensuring functionality and performance.",c
Systems Engineer,"The role of a Systems Integration Specialist involves integrating various software and hardware components to create cohesive systems. You will design and implement solutions that enable different systems to communicate and work together seamlessly. Your responsibilities also include troubleshooting integration issues, ensuring data consistency, and collaborating with cross-functional teams.",c
Brand Manager,A Brand Strategist develops strategies to build and strengthen a companys brand identity. They research market trends and consumer preferences to guide branding decisions.,c
Nurse Practitioner,"Acute Care Nurse Practitioners focus on managing acute and critical medical conditions, often working in hospitals or emergency care settings.",c
Litigation Attorney,"Trial Attorneys represent clients in legal proceedings. They prepare cases, conduct trials, and provide legal counsel to clients involved in civil or criminal litigation.",c
Network Engineer,"Network Security Engineers focus on protecting network systems from cyber threats. They implement security measures, monitor network traffic, and respond to security incidents to safeguard the organizations data.",c
Psychologist,"Research Psychologists conduct psychological research to advance the fields understanding. They design studies, collect data, and analyze results to inform scientific knowledge.",c
Art Teacher,"An Art Education Coordinator plans and manages art education programs, curriculum development, and educational outreach to promote art appreciation and learning within communities.",c
Human Resources Manager,"Talent Acquisition Managers oversee the recruitment and hiring process. They develop recruitment strategies, source candidates, conduct interviews, and collaborate with hiring managers to attract and hire qualified talent to meet the organizations staffing needs.",c
Inventory Analyst,"Inventory Control Specialists manage and optimize inventory levels in a business. They track stock, monitor demand, and implement inventory control procedures to ensure efficient operations and minimize carrying costs.",c
Legal Counsel,"Corporate Attorneys provide legal counsel and representation to organizations. They handle legal matters, contracts, mergers, acquisitions, and ensure compliance with laws and regulations relevant to the business.","aws, c"
Database Developer,"SQL Database Developers design, implement, and maintain relational databases using SQL (Structured Query Language). They write queries, optimize database performance, and ensure data integrity and security.","c, sql"
Procurement Specialist,"Procurement Managers oversee procurement processes, managing vendor relationships, negotiating contracts, and ensuring cost-effective purchasing of goods and services.","c, go, procurement"
Systems Analyst,"An IT Analyst assesses and analyzes IT systems, identifying areas for improvement, implementing technology solutions, and providing technical support to users and departments.",c
Account Executive,A Key Account Executive manages strategic accounts for a company. They build strong client relationships and work to expand business opportunities within these key accounts.,c
Copywriter,"Creative Copywriters craft engaging and persuasive copy for marketing materials, advertisements, and content marketing campaigns. They use their writing skills to captivate audiences and convey brand messages effectively.","c, content marketing"
Digital Marketing Specialist,"SEO Specialists optimize websites for search engines to improve online visibility. They conduct keyword research, optimize content, and implement SEO strategies to increase organic traffic and rankings.","c, seo"
Sales Representative,"Account Executives manage and grow relationships with existing clients or customers. They understand client needs, propose solutions, negotiate contracts, and ensure customer satisfaction, often working closely with sales and customer support teams.","c, go"
Project Manager,"The Construction Project Manager oversees and manages construction projects, ensuring they are completed on time and within budget. They coordinate with contractors, architects, and other stakeholders to ensure successful project delivery.",c
Technical Writer,Instructional Designers develop educational materials and curricula. They design engaging and effective learning experiences for students or employees.,c
Content Writer,"Content Strategists develop and execute content strategies that align with business objectives. They plan content creation, distribution, and promotion to engage audiences and drive brand growth.",c
HR Coordinator,"Training Coordinators design and implement employee training programs. They assess training needs, develop training materials, and facilitate training sessions to enhance employees skills and knowledge.",c
HR Coordinator,"Recruitment Coordinators support the hiring process by scheduling interviews, screening candidates, and assisting with onboarding. They ensure a smooth recruitment process and maintain candidate records.",c
Business Development Manager,"A Strategic Partnerships Manager identifies and develops strategic partnerships and alliances that benefit the organization, fostering collaborations and driving mutual success.",c
Java Developer,"Java Backend Developers specialize in building the server-side components of software applications using Java. They work on database integration, server logic, and performance optimization to ensure efficient and reliable backend functionality.","c, java"
Sales Manager,"Lead and motivate sales teams, set sales targets, and develop sales strategies to meet goals.",go
Speech Therapist,Pediatric Speech Therapists provide speech therapy to children with speech and language disorders. They assess and treat communication difficulties to improve language skills.,"c, communication"
Data Engineer,"A Big Data Engineer develops and manages big data solutions, including data storage, processing, and analysis platforms, to extract valuable insights and support data-driven decisions.",c
Database Developer,"NoSQL Database Engineers work with non-relational databases to store and manage large volumes of unstructured or semi-structured data. They design data models, optimize database performance, and ensure scalability and data consistency.","c, nosql, sql"
Supply Chain Manager,A Demand Planner analyzes historical sales data to forecast future demand for products. They work to optimize inventory levels and ensure product availability while minimizing costs.,c
Wedding Planner,"A Wedding Designer specializes in creating visually appealing wedding designs and decor, transforming wedding venues into beautiful and memorable spaces.",c
Event Coordinator,"Plan and coordinate events, including selecting venues, managing budgets, arranging logistics, and ensuring a successful outcome.","c, logistics"
Investment Analyst,"A Portfolio Manager oversees investment portfolios, making decisions to maximize returns and minimize risks. They analyze financial markets and adjust asset allocations accordingly.",c
Family Nurse Practitioner,Geriatric Nurse Practitioners focus on the healthcare needs of elderly patients. They provide specialized care and address age-related health concerns.,c
Front-End Engineer,"JavaScript Developers write code to create interactive and dynamic web applications. They use JavaScript libraries and frameworks to build client-side functionality, ensuring smooth user interactions and responsive web design.","c, java, javascript"
Customer Success Manager,"An Account Manager builds and maintains relationships with clients or customers, ensuring their needs are met and promoting products or services to drive revenue and growth.",c
Procurement Coordinator,"Purchasing Coordinators manage procurement processes. They source and purchase goods and services, negotiate with suppliers, and ensure cost-effective and timely acquisitions.","c, go, procurement"
Urban Planner,"Transportation Planners design and manage transportation systems. They optimize traffic flow, plan public transit routes, and enhance overall transportation efficiency.",c
Speech Therapist,Adult Speech Therapists work with adults to address speech and language disorders. They provide therapy and support to improve communication and enhance quality of life.,"c, communication"
HR Coordinator,"Benefits Coordinators administer employee benefit programs, including health insurance, retirement plans, and other perks. They assist employees with benefit inquiries and ensure compliance with benefit policies.",c
Architectural Designer,"Interior Designers plan and design interior spaces to meet the functional and aesthetic needs of clients. They select furniture, colors, materials, and layouts to create visually appealing and functional interiors for homes and businesses.",c
Financial Analyst,"Investment Analysts analyze financial data and market trends to make informed investment recommendations. They research and assess investment opportunities, create financial models, and provide insights to guide investment decisions and portfolio management.",c
Email Marketing Specialist,"Plan, execute, and analyze email marketing campaigns to engage subscribers, increase conversions, and build brand awareness.",c
Environmental Engineer,"A Sustainability Specialist promotes sustainability initiatives within organizations, develops sustainability programs, and helps reduce environmental impacts while increasing efficiency.",c
Back-End Developer,"A Server Developer specializes in developing and maintaining server-side applications and systems, ensuring efficient data processing and server functionality.",c
Network Administrator,"Manage and maintain an organizations IT infrastructure, including servers, hardware, and software systems.",c
Structural Engineer,"A Design Engineer creates and develops product designs and specifications, using engineering principles and design software to bring innovative products to market.",c
Market Research Analyst,"A Market Research Coordinator supports market research initiatives by organizing and managing research projects, data collection, and analysis efforts.",c
Customer Service Representative,"A Call Center Agent handles incoming and outgoing customer calls, providing assistance, resolving issues, and ensuring a positive customer experience over the phone.","c, go"
Customer Support Specialist,"Customer Success Managers focus on ensuring customer satisfaction and retention. They build relationships with clients, understand their needs, and work to maximize the value customers receive from products or services, ultimately driving customer success and loyalty.",c
Landscape Architect,"Design outdoor spaces, parks, and landscapes with an emphasis on environmental sustainability.",c
Business Analyst,"IT Business Analysts bridge the gap between business needs and technology solutions. They analyze business processes, gather requirements, and create solutions that align with organizational goals.","c, go"
Social Media Manager,"Social Media Analysts analyze social media data and metrics to provide insights and recommendations for improving social media strategies. They track performance, identify trends, and support data-driven decision-making.",c
Family Lawyer,"Child Custody Lawyers specialize in family law, focusing on cases related to child custody and visitation rights. They represent clients in court, provide legal counsel, and advocate for the best interests of children in custody disputes.",c
Data Analyst,"Data Scientists use their expertise in data analysis and machine learning to extract valuable insights and predictions from data. They build and train models, conduct statistical analysis, and communicate findings to drive data-driven decision-making in the organization.","c, machine learning"
Registered Nurse,"A Clinical Nurse Specialist is an advanced practice nurse who specializes in specific patient populations or clinical areas, providing expert care and contributing to improved patient outcomes.",c
Chemical Analyst,"In the role of a Quality Control Analyst, you will be responsible for inspecting and testing products to ensure they meet quality standards and specifications. You will use quality control tools and processes to identify defects, document findings, and recommend improvements. Your role is essential in maintaining product quality and customer satisfaction.",c
Electrical Engineer,"Power Systems Engineers design and maintain electrical power systems. They work on generation, transmission, and distribution of electrical power, focusing on safety and efficiency.",c
Network Technician,"Network Security Specialists focus on network security. They implement security measures, monitor for threats, and respond to security incidents to protect network integrity.",c
Interior Designer,A Commercial Interior Designer focuses on designing interior spaces for businesses and commercial properties. They optimize layouts for productivity and aesthetics.,c
Substance Abuse Counselor,"An Addiction Counselor provides support and therapy to individuals struggling with addiction, helping them overcome substance abuse and develop healthier coping strategies.",c
Software Architect,"A Cloud Architect designs and manages cloud-based solutions, optimizing scalability, security, and performance while aligning them with the companys technology strategy.",c
Business Analyst,"Data Business Analysts focus on data-related projects. They collect and analyze data, identify trends, and provide insights to support data-driven decision-making within the organization.",c
Nurse Manager,"Nursing Directors oversee nursing departments in healthcare facilities. They manage nursing staff, develop policies and procedures, and ensure the delivery of high-quality patient care while adhering to regulatory standards.","c, nursing, patient care"
Veterinarian,"A Small Animal Veterinarian provides medical care to small pets, such as dogs and cats. They diagnose illnesses, perform surgeries, and advise pet owners on healthcare practices.",c
Process Engineer,"Chemical Engineers design and oversee processes for the production of chemicals and related products. They conduct experiments, analyze data, and develop processes to optimize production, ensure safety, and minimize environmental impact.",c
Research Analyst,"A Market Research Analyst gathers and analyzes data to provide insights into market trends, consumer behavior, and competitive landscapes. They help businesses make informed decisions.",c
IT Manager,"An Infrastructure Manager is responsible for the operation and maintenance of an organizations IT infrastructure, including servers, networks, and data centers.",c
Quality Assurance Analyst,"QA Testers assess software and applications for defects and quality issues. They conduct testing procedures, report bugs, and work with development teams to ensure the delivery of high-quality software products.",c
Project Manager,"IT Project Managers plan, execute, and oversee IT projects. They define project scope, allocate resources, manage budgets, and ensure projects are delivered on time and within scope. They also communicate project status and risks to stakeholders.",c
Account Manager,"Build and maintain strong client relationships, understand their needs, and ensure client satisfaction.",c
Web Developer,"Backend Web Developers build and maintain the server-side logic and infrastructure required for web applications. They work on data storage, APIs, and server communication to support the functionality of web applications.","c, communication"
Pharmaceutical Sales Representative,"Medical Sales Specialists focus on selling medical devices, pharmaceuticals, or healthcare products to healthcare professionals and institutions.",c
Office Manager,"Office Coordinators provide administrative support within an office. They assist with tasks like scheduling, record-keeping, and communication to ensure efficient office operations.","c, communication"
Legal Assistant,"Assist lawyers with legal research, document preparation, and case management in law firms or legal departments.",c
Architect,"Project Architects lead architectural projects, from concept to completion, coordinating design teams, managing budgets, and ensuring compliance with regulations.",c
Software Tester,A Performance Tester assesses the performance and scalability of software applications. They conduct load and stress testing to identify bottlenecks and optimize performance.,c
Pharmaceutical Sales Representative,"Territory Sales Managers oversee a specific sales territory, managing sales teams, setting goals, and developing strategies to meet sales objectives.","c, go"
IT Support Specialist,"Help Desk Support Specialists provide technical assistance and support to end-users, resolving IT issues and ensuring smooth operations.",c
Teacher,"A Special Education Teacher works with students who have disabilities, tailoring instruction to meet their unique needs and ensuring they have access to a quality education.",c
Quality Assurance Analyst,"Test Automation Engineers automate testing processes using scripts and tools. They design and maintain automated test suites to streamline testing efforts, improve efficiency, and enhance software quality.",c
Physician Assistant,"Assist surgeons in the operating room, perform pre- and post-operative care, and collaborate on surgical procedures.",c
Data Entry Clerk,"An Administrative Assistant provides administrative support to the organization, including scheduling, document management, and assisting in day-to-day operations.",c
Data Analyst,"Data Quality Analysts ensure the accuracy, completeness, and consistency of data within an organization. They develop and implement data quality standards, perform data validation, and identify and resolve data quality issues to maintain data integrity.",c
Accountant,"Tax Accountants specialize in tax-related matters. They prepare tax returns, assist with tax planning, and ensure compliance with tax laws and regulations. They stay updated on tax codes and advise organizations on tax strategies.","aws, c"
Veterinarian,"An Equine Veterinarian specializes in the health and well-being of horses. They diagnose and treat equine illnesses, perform surgeries, and provide preventive care for horses.",c
Investment Banker,"An Investment Portfolio Manager manages investment portfolios, making investment decisions, monitoring performance, and optimizing asset allocation for clients or the organization.",c
Marketing Director,"Brand Directors oversee brand management and strategy. They ensure brand consistency, guide marketing initiatives, and work to enhance brand perception and recognition.",c
Operations Manager,"Operations Directors oversee the daily operations of an organization. They develop and implement operational strategies, manage teams, and work to optimize processes to achieve business goals and efficiency.","c, go"
Sales Manager,"Manage key client accounts, build strong relationships, and drive revenue growth.",c
Front-End Developer,"An Accessibility Developer focuses on making digital products and websites accessible to individuals with disabilities, ensuring compliance with accessibility standards.",c
Research Scientist,"Senior Researchers lead research initiatives within organizations. They design research projects, collect and analyze data, and provide insights to inform strategic decision-making and innovation efforts.",c
Java Developer,"Java Software Engineers develop and maintain software applications using the Java programming language. They write code, debug applications, and collaborate with cross-functional teams to deliver high-quality software solutions.","c, java"
Interior Designer,"A Residential Interior Designer plans and designs interior spaces in homes. They select furnishings, colors, and layouts to create functional and aesthetically pleasing environments.",c
Executive Assistant,"Office Managers oversee daily office operations, including supervising staff, managing facilities, and ensuring efficient workflow. They may also handle budgeting, resource allocation, and office policies.",c
HR Manager,"A Human Resources Director leads HR functions, including talent acquisition, employee development, and HR strategy, to promote a positive work environment and support organizational goals.","c, go"
Executive Assistant,"A Personal Assistant provides administrative support to individuals or executives. Their duties include managing schedules, arranging meetings, handling correspondence, and performing various tasks to enhance efficiency.",c
Pharmaceutical Sales Representative,"Sales Representatives promote and sell products or services to customers, build relationships, and meet sales targets through effective communication and negotiation.","c, communication, go"
Litigation Attorney,"Corporate Litigators specialize in corporate law. They handle legal matters related to businesses, such as mergers, acquisitions, contracts, and disputes, to protect corporate interests.",c
Veterinarian,"Provide medical care and treatment to exotic animals, diagnose illnesses, perform surgeries, and educate owners on animal care.",c
Marketing Manager,"Brand Managers are responsible for maintaining and enhancing a brands image and reputation. They develop brand strategies, oversee branding campaigns, and ensure brand consistency in all marketing and communication efforts.","c, communication"
Procurement Specialist,"Sourcing Analysts research and analyze potential suppliers, evaluate procurement strategies, and negotiate contracts to secure cost-effective and quality supplies.","c, go, procurement"
Human Resources Manager,"Employee Relations Specialists focus on maintaining positive relationships between employees and the organization. They address workplace issues, conduct investigations, mediate conflicts, and promote a healthy and productive work environment.",c
Art Teacher,"A Fine Arts Instructor teaches various forms of fine arts, such as painting, sculpture, or drawing, to students, guiding them in developing their artistic skills and creativity.",c
Public Relations Specialist,"Brand PR Specialists focus on promoting and maintaining a positive brand image through media relations, events, and communication efforts.","c, communication"
Financial Controller,"Finance Managers oversee an organizations financial operations, including budgeting, financial reporting, and investment management. They analyze financial data, make strategic financial decisions, and ensure compliance with financial regulations.",c
Network Engineer,"Network Administrators manage an organizations computer networks. They configure, monitor, and maintain network infrastructure, ensuring optimal performance and security.",c
Environmental Consultant,"Environmental Impact Analysts assess the environmental consequences of projects or activities. They conduct studies, analyze data, and provide recommendations to minimize adverse environmental effects and promote sustainable practices.",c
Investment Advisor,"Wealth Advisors provide financial advice to clients. They assess financial goals, create investment strategies, and offer guidance on wealth management and financial planning.","c, go"
Financial Analyst,"Financial Planners help clients achieve their financial goals by providing personalized financial advice and investment strategies. They assess clients financial situations, develop financial plans, and offer recommendations on savings, investments, and retirement planning.","c, go"
Aerospace Engineer,Systems Engineers design and manage complex systems and infrastructure. They integrate various components and technologies to ensure optimal system performance and reliability.,c
Procurement Specialist,"Procurement Coordinators assist in procurement activities, including vendor communication, purchase order processing, and inventory management.","c, communication, procurement"
Market Research Analyst,"A Market Researcher gathers and analyzes market data to provide insights on consumer behavior, market trends, and competitor activities, aiding in informed business decisions.",c
Operations Manager,"Supply Chain Managers manage the end-to-end supply chain process, from procurement to distribution. They optimize logistics, reduce costs, and ensure the efficient flow of products or services to meet customer demand.","c, logistics, procurement"
Marketing Analyst,"Analyze data sets, generate insights, and provide data-driven recommendations to inform business decisions.",c
Procurement Manager,"Develop and execute sourcing strategies to procure goods and services, negotiate contracts, and manage supplier relationships.","c, go, procurement"
Paralegal,"Assist in real estate transactions, including title searches, closings, and contract preparation.",c
Landscape Designer,"Commercial Landscape Architects design outdoor spaces for commercial properties, such as office complexes and retail centers. They create functional and aesthetically pleasing landscapes that align with the clients goals and needs.","c, go"
Urban Planner,"City Planners develop and implement urban planning strategies. They work to improve communities, manage resources, and address issues related to land use and infrastructure.",c
Web Designer,"Frontend Web Designers create the visual elements and user interfaces of websites. They use HTML, CSS, and JavaScript to design responsive, user-friendly web pages, ensuring a seamless and visually appealing online experience.","c, css, html, java, javascript"
Occupational Therapist,A Pediatric Occupational Therapist helps children with developmental or physical challenges improve their motor and life skills through therapy interventions.,c
Art Director,"Visual Designers create visual content, including graphics, illustrations, and layouts, to convey messages and enhance brand identity.",c
Architect,"Sustainable Design Specialists incorporate eco-friendly practices into architectural designs, promoting energy efficiency and environmental sustainability.",c
Public Relations Specialist,"Crisis Communication Managers develop strategies to manage and respond to crises, maintaining the organizations reputation during challenging times.","c, communication"
HR Manager,"An HR Compliance Specialist ensures adherence to employment laws and regulations, conducts audits, and provides guidance to maintain legal compliance within the organization.","aws, c"
Social Worker,"Work with at-risk children and families, assess needs, provide support, and ensure child safety and well-being.",c
Account Executive,"An Advertising Account Executive works in advertising agencies, managing client accounts and overseeing the creation and execution of advertising campaigns.",c
Legal Advisor,"In the role of In-House Counsel, you will provide legal support to the organization across various areas, including contracts, employment law, and regulatory compliance. You will draft legal documents, handle litigation matters, and advise on legal risks affecting day-to-day operations. Your role is crucial in ensuring the company operates within the bounds of the law.",c
Civil Engineer,"A Water Resources Engineer manages and develops water-related projects, such as dams, irrigation systems, and flood control measures, to ensure water resource sustainability.",c
Marketing Coordinator,"Marketing Specialists develop and implement marketing campaigns, analyze market trends, and promote products or services to target audiences.",c
Dental Hygienist,A Dental Hygiene Educator teaches dental hygiene practices and oral health to students or the community. They promote preventive care and raise awareness about dental health.,c
Office Manager,"Administrative Managers oversee office operations. They manage administrative staff, coordinate tasks, and ensure smooth office functioning to support the organizations goals.","c, go"
SEM Specialist,"SEM Analysts analyze search engine marketing (SEM) campaigns. They monitor performance, optimize keyword strategies, and provide insights to improve the effectiveness of SEM efforts.",c
SEO Specialist,"Technical SEO Specialists optimize website infrastructure, addressing issues like site speed, mobile-friendliness, and structured data to enhance search engine visibility.","c, seo"
Event Coordinator,"Coordinate corporate events, conferences, and meetings, handle logistics, and ensure a seamless experience for attendees.","c, logistics"
Front-End Engineer,"UI/UX Front-End Developers focus on creating user-friendly and visually appealing interfaces for web and mobile applications. They work on user experience design, responsive layouts, and front-end development to optimize user interactions.",c
Pediatrician,"Pediatric Surgeons specialize in performing surgical procedures on children, including infants and adolescents. They diagnose surgical conditions, perform surgeries, and collaborate with other healthcare professionals to ensure the best outcomes.",c
Executive Assistant,"Project Coordinators assist in planning, executing, and monitoring projects. They facilitate communication among team members, track project progress, and ensure tasks are completed on time.","c, communication"
QA Engineer,"A QA Manager is responsible for leading and managing the quality assurance team. They ensure product quality, develop and implement QA processes, and maintain quality standards.",c
Investment Banker,"A Mergers and Acquisitions Advisor assists in evaluating potential mergers and acquisitions, conducting due diligence, and providing strategic recommendations for corporate transactions.",c
Process Engineer,"Industrial Engineers focus on improving efficiency and productivity in various industries. They analyze processes, design systems, and implement solutions to streamline operations, reduce costs, and enhance quality.",c
Copywriter,SEO Copywriters specialize in creating content optimized for search engines. They incorporate keywords and SEO best practices to improve online visibility and search engine rankings for web pages and articles.,"c, seo"
Marketing Manager,"Product Marketing Managers promote and market products or services. They create marketing strategies, conduct market research, develop messaging, and collaborate with cross-functional teams to launch and promote products effectively in the market.",c
Data Scientist,"Machine Learning Engineers develop machine learning models and algorithms, working on tasks like data preprocessing, model training, and deployment.","c, go, machine learning"
Marketing Coordinator,"Digital Marketing Coordinators manage online marketing efforts, including social media, email marketing, and SEO, to drive digital engagement and growth.","c, seo"
Architect,"Architectural Designers create architectural plans and designs for buildings and structures, considering aesthetics, functionality, and safety standards.",c
Software Engineer,"A Frontend Developer is responsible for designing and implementing user interfaces for web applications. They collaborate with designers to create visually appealing and responsive web pages, ensuring a seamless user experience across different devices and browsers.",c
Database Administrator,"A Database Analyst examines and interprets data stored in databases. They generate reports, identify trends, and provide insights to support business decision-making.",c
SEO Specialist,"Content SEO Strategists create SEO strategies specifically for content, focusing on keyword integration, content quality, and user engagement to boost organic traffic.","c, seo"
Customer Service Representative,"A Live Chat Support Agent provides customer support through live chat channels, addressing inquiries, troubleshooting issues, and offering timely solutions.",c
Legal Counsel,"An Intellectual Property Lawyer specializes in protecting and managing intellectual property rights, including patents, trademarks, and copyrights. They provide legal advice, handle trademark registration, patent applications, and enforce IP rights.",c
Financial Advisor,Wealth Management Advisors provide comprehensive financial planning and investment management services to high-net-worth individuals and families.,c
Art Teacher,"A Studio Art Teacher instructs students in studio art practices, providing hands-on guidance in creating art and fostering artistic expression and skill development.",c
Data Engineer,"An ETL Developer specializes in designing and implementing Extract, Transform, Load (ETL) processes to move and transform data between systems, supporting data integration and analytics.","c, etl"
Personal Assistant,"Personal Secretaries provide administrative support to individuals or executives. They manage schedules, handle correspondence, and assist with various tasks to ensure efficiency.",c
Customer Support Specialist,"Technical Support Specialists assist customers or end-users with technical issues related to products or services. They provide troubleshooting, resolve problems, and offer technical guidance through various communication channels, ensuring customer satisfaction.","c, communication"
Paralegal,"Provide legal support to corporate legal teams, assist with mergers and acquisitions, and manage corporate records.",c
SEO Analyst,"As a Technical SEO Analyst, your role is to analyze website performance and identify opportunities for optimization. You will work on improving site speed, mobile-friendliness, and other technical aspects to enhance search engine rankings. You will also perform keyword research, conduct competitive analysis, and provide recommendations to improve website SEO.","c, seo"
Nurse Practitioner,"Primary Care Nurse Practitioners provide essential healthcare services, diagnosing and treating common medical conditions, and offering preventive care to patients.",c
Financial Controller,"Accounting Controllers manage an organizations accounting and financial reporting functions. They ensure accurate financial records, compliance with accounting standards, and timely financial reporting to support informed decision-making.","accounting, c"
Supply Chain Manager,"A Logistics Manager oversees the movement and storage of goods in a supply chain. They plan, implement, and manage the efficient transportation and distribution of products.","c, go, logistics"
Family Nurse Practitioner,"Primary Care Providers offer general medical care to patients. They diagnose and treat common health issues, perform check-ups, and refer patients to specialists as needed.",c
Social Media Manager,"Social Media Strategists develop and execute social media strategies to achieve marketing goals. They analyze social media trends, create content calendars, and measure the effectiveness of social media campaigns.","c, go"
UI Developer,A UX/UI Designer focuses on enhancing user experiences by designing intuitive interfaces. They consider user needs and preferences to create visually appealing and functional designs.,"c, ui design"
Customer Service Manager,"Customer Support Managers oversee a team of customer support representatives. They set performance goals, resolve complex customer issues, and develop strategies to improve customer satisfaction and the efficiency of support operations.","c, go"
Occupational Therapist,A Geriatric Occupational Therapist works with elderly individuals to address age-related health issues and maintain independence and quality of life.,c
UX/UI Designer,"User Experience Designers create intuitive and user-friendly digital interfaces. They conduct user research, design prototypes, and work to enhance the overall user experience of websites and applications.","c, ui design"
Network Analyst,"Network Performance Analysts monitor and optimize network performance. They collect and analyze network data, identify issues, and implement solutions to enhance network speed, reliability, and efficiency.",c
Systems Administrator,"Database Administrators manage databases, ensuring data integrity, security, and efficient performance. They design, implement, and maintain databases while troubleshooting issues.",c
Mechanical Designer,Create and modify technical drawings using computer-aided design (CAD) software for various engineering projects.,c
Front-End Developer,A UI/UX Developer combines design and technical skills to create user-friendly interfaces for digital products. They ensure a seamless and visually appealing user experience.,c
Legal Advisor,"As a Corporate Counsel, you will focus on legal matters related to corporate governance, mergers and acquisitions, and corporate compliance. You will draft and review corporate documents, oversee compliance programs, and handle complex legal negotiations. Your role includes managing legal relationships with external partners and providing strategic legal guidance to the company.","c, go"
Brand Manager,A Brand Marketing Analyst analyzes market data and consumer behavior to assess the effectiveness of branding strategies. They provide insights to improve brand marketing efforts.,c
Mechanical Engineer,"Manufacturing Engineers optimize manufacturing processes, improve production efficiency, and ensure product quality in manufacturing environments.",c
Purchasing Agent,"A Procurement Specialist manages procurement processes, negotiates with suppliers, and ensures cost-effective purchasing of goods and services to meet organizational needs.","c, go, procurement"
Network Security Specialist,"A Security Consultant is responsible for assessing an organizations security infrastructure, identifying vulnerabilities, and recommending solutions to enhance security. They conduct risk assessments, implement security measures, and provide guidance on security policies and procedures.",c
IT Manager,"An IT Director oversees an organizations IT department and technology infrastructure. They develop IT strategies, manage budgets, and ensure IT systems support business objectives.",c
Marketing Specialist,"Marketing Analytics Specialists analyze marketing data to derive insights and inform marketing strategies. They use tools like Google Analytics and data analysis software to track campaign performance, customer behavior, and market trends.","c, go, google analytics"
Research Scientist,"Research Analysts conduct research, collect data, and analyze information to support business decision-making. They generate reports and recommendations based on their findings to aid in strategic planning.",c
Software Engineer,"DevOps Engineers focus on automating and streamlining the development and deployment processes. They work to improve collaboration between development and IT operations, implementing tools and practices for continuous integration and continuous delivery (CI/CD).","c, ci/cd"
Legal Advisor,"As a Legal Counsel, your responsibilities include providing legal advice, drafting contracts, and ensuring compliance with laws and regulations. You will represent the company in legal matters, negotiate agreements, and mitigate legal risks. Your role involves staying informed about changes in the law and advising management on legal issues affecting the business.","aws, c, go"
Database Administrator,A Database Security Specialist focuses on protecting databases from unauthorized access and data breaches. They implement security measures and ensure compliance with regulations.,c
Graphic Designer,"Print Graphic Designers design graphics and layouts for printed materials such as brochures, posters, and packaging. They use their creativity and design skills to visually communicate messages and information effectively in printed form.",c
Marketing Manager,"Digital Marketing Managers lead digital marketing efforts, including SEO, SEM, social media, email marketing, and content strategy. They develop and execute digital marketing campaigns to increase brand awareness, drive traffic, and generate leads or sales.","c, seo"
Legal Assistant,"Assist in the preparation of litigation cases, manage electronic discovery, and handle technical aspects of trial preparation.",c
Marketing Specialist,"Content Marketing Managers oversee the creation and distribution of content to attract and engage customers. They develop content strategies, manage content teams, and track performance metrics to optimize content marketing efforts.","c, content marketing"
Family Lawyer,Mediators facilitate negotiations and dispute resolution between parties in conflict. They remain neutral and help parties reach mutually acceptable agreements through effective communication and problem-solving techniques.,"c, communication, go"
Finance Manager,"Accounting Managers supervise accounting teams. They ensure accurate financial reporting, manage budgets, and oversee financial transactions and compliance with accounting standards.","accounting, c"
Business Development Manager,"A Sales Manager leads and guides the sales team, sets sales targets, develops sales strategies, and monitors performance to achieve revenue and growth objectives.",c
Customer Support Specialist,"Help Desk Analysts provide technical support and assistance to internal employees or external customers. They troubleshoot hardware and software issues, offer solutions, and document support interactions to maintain a reliable IT environment.",c
Event Planner,"Wedding Planners specialize in organizing weddings, assisting couples with every aspect of wedding planning, from venue selection to catering and decor.",c
Electrical Engineer,"Controls Engineers specialize in industrial automation, designing and implementing control systems for machinery and manufacturing processes. They optimize efficiency and safety.",c
Pediatrician,"General Pediatricians provide medical care to infants, children, and adolescents. They diagnose and treat various pediatric conditions, offer preventive care, and educate patients and parents on child health and well-being.",c
Office Manager,"Facilities Managers manage facilities and building operations. They oversee maintenance, security, and facility improvements to provide a safe and efficient working environment.",c
Physical Therapist,"Specialize in providing physical therapy to children, addressing developmental and mobility issues.",c
Financial Advisor,"Investment Advisors offer financial advice to clients, helping them make investment decisions, manage portfolios, and achieve their financial goals.","c, go"
Marketing Specialist,"Digital Marketing Specialists create and execute online marketing campaigns. They utilize digital channels like social media, email, and SEO to reach target audiences, generate leads, and improve brand visibility and engagement.","c, seo"
Systems Engineer,"As a Cloud Systems Engineer, you will be responsible for designing, implementing, and managing cloud infrastructure solutions. You will work with cloud platforms like AWS, Azure, or GCP to build scalable and reliable systems. Your role involves optimizing cloud resources, ensuring security, and troubleshooting issues to maintain high system availability and performance.","aws, azure, c, gcp"
Product Designer,"An Industrial Designer creates and improves product designs, focusing on aesthetics, functionality, and user experience to produce innovative and marketable products.",c
Network Administrator,"Design, implement, and maintain computer networks, troubleshoot network issues, and ensure network performance and security.",c
Email Marketing Specialist,"Implement and manage marketing automation tools, workflows, and campaigns to streamline marketing efforts.",c
IT Support Specialist,"IT Systems Administrators manage and maintain an organizations IT infrastructure, including servers, networks, and security systems.",c
Administrative Assistant,"Support high-level executives by managing schedules, coordinating meetings, and handling various administrative tasks.",c
Quality Assurance Analyst,"Quality Assurance Managers lead quality assurance teams, ensuring that products or services meet established quality standards. They develop QA processes, set quality goals, and monitor compliance to maintain quality excellence.","c, excel, go"
Chemical Analyst,"As an Analytical Chemist, your primary responsibility is to analyze chemical compounds and substances using various laboratory techniques and equipment. You will conduct experiments, interpret results, and generate reports. Your role may involve developing analytical methods, maintaining lab equipment, and adhering to safety protocols to ensure accurate and reliable analyses.",c
Environmental Consultant,"Environmental Compliance Officers ensure that organizations adhere to environmental regulations and standards. They conduct audits, develop compliance programs, and oversee efforts to minimize environmental impact and maintain regulatory compliance.",c
Digital Marketing Specialist,"Email Marketing Specialists design and execute email marketing campaigns. They create email content, segment email lists, and analyze campaign performance to achieve marketing goals and engage subscribers.","c, go"
Brand Ambassador,Social Media Influencers use their online presence to promote brands or products. They create engaging content and collaborate with companies to reach a wider audience.,c
Legal Counsel,"Employment Lawyers focus on employment law matters, assisting employers and employees with issues like workplace discrimination, labor disputes, and employment contracts. They offer legal counsel and represent clients in legal proceedings.",c
Project Coordinator,"Construction Project Coordinators assist in managing construction projects, handling documentation, budget tracking, and coordinating subcontractors.",c
Procurement Manager,"Promote diversity and inclusion in the supply chain, manage supplier diversity programs, and assess supplier performance.","c, procurement"
Civil Engineer,"A Transportation Engineer plans and designs transportation systems, including roads, highways, and public transit. They aim to improve transportation efficiency and safety.",c
Environmental Engineer,"An Environmental Consultant assesses environmental impacts, provides regulatory compliance guidance, and develops strategies for sustainable practices and environmental protection.",c
Product Manager,"Agile Product Owners work closely with development teams in Agile environments. They define and prioritize product backlog items, communicate the product vision, and ensure that the product increments delivered align with customer needs and project objectives.","agile, c"
Architectural Designer,Architectural Drafters assist architects and engineers in creating detailed technical drawings and plans for buildings and structures. They use computer-aided design (CAD) software to produce accurate and precise architectural drawings.,c
Nurse Manager,"Clinical Nurse Managers lead and supervise nursing staff in clinical settings. They coordinate patient care, manage resources, and support nursing teams in providing safe and effective patient treatment.","c, nursing, patient care"
Front-End Developer,"A Web Designer specializes in designing visually appealing and responsive websites. They create layouts, graphics, and user interfaces to enhance the online presence of businesses.",c
Customer Service Manager,"Customer Experience Strategists develop and execute strategies to enhance the overall customer experience. They analyze customer feedback, identify pain points, and work across departments to improve products, services, and customer interactions.",c
Web Developer,"Full-Stack Developers are skilled in both frontend and backend development. They can work on all aspects of web application development, from creating user interfaces to designing databases and server infrastructure, providing end-to-end solutions.",c
Network Technician,"Network Support Specialists provide technical support for computer networks. They troubleshoot issues, maintain network infrastructure, and ensure reliable network performance.",c
Aerospace Engineer,"Avionics Engineers focus on aircraft electronic systems. They design and maintain avionics systems such as communication, navigation, and instrumentation for safe flight operations.","c, communication"
IT Administrator,"System Administrators manage and maintain computer systems and networks. They handle software installations, security measures, and troubleshooting to ensure system reliability.",c
Interior Designer,"A Hospitality Interior Designer specializes in creating inviting and functional interiors for hotels, restaurants, and other hospitality establishments.",c
Project Coordinator,"Project Managers plan, execute, and oversee projects, ensuring they are completed on time and within budget, while managing project teams and resources.",c
Customer Success Manager,"An Onboarding Specialist helps new employees integrate into the company. They facilitate orientation, training, and ensure a smooth transition into their roles.",c
SEO Specialist,"SEO Analysts optimize websites for search engines, conduct keyword research, analyze performance metrics, and implement strategies to improve search rankings.","c, seo"
Financial Analyst,"Budget Analysts manage and analyze financial data to develop, monitor, and report on budgets. They work with departments to ensure budget compliance, identify cost-saving opportunities, and provide financial insights to support strategic planning and decision-making.",c
Systems Analyst,"A Business Systems Analyst analyzes business processes and requirements, recommends technology solutions, and bridges the gap between business objectives and IT systems.",c
Pediatrician,"Pediatric Specialists are doctors with expertise in specific pediatric subspecialties like cardiology, oncology, or gastroenterology. They provide specialized care and treatment for children with complex or rare medical conditions.",c
Marketing Director,"Marketing Communications Directors manage marketing communication efforts. They oversee messaging, branding, and promotional activities to effectively reach target audiences.","c, communication"
Substance Abuse Counselor,"A Recovery Coach offers guidance and support to individuals in addiction recovery, aiding in their journey toward sobriety and helping them build a stable and fulfilling life.",c
Occupational Therapist,A Mental Health Occupational Therapist assists individuals with mental health conditions in improving their daily functioning and coping skills through therapy and interventions.,c
Sales Associate,"A Retail Sales Associate assists customers in retail environments, helping them find products, providing product information, and ensuring a positive shopping experience.",c
Mechanical Engineer,"HVAC Engineers specialize in heating, ventilation, and air conditioning systems, designing efficient HVAC solutions for buildings and facilities.",c
Electrical Designer,"PCB Designers specialize in designing printed circuit boards (PCBs). They create PCB layouts, ensure proper connectivity, and consider electrical and mechanical requirements.",c
Art Director,"Creative Directors lead creative teams in developing visual and conceptual designs for various media, ensuring brand consistency and artistic quality.",c
Nurse Manager,"Nurse Educators are responsible for teaching and mentoring nursing students and healthcare professionals. They develop and deliver educational programs, assess learning outcomes, and ensure the competence of nursing staff.","c, nursing"
Data Scientist,"Data Engineers design and maintain data pipelines, ensuring data availability and quality for analysis and reporting purposes.",c
SEM Specialist,"Search Engine Marketers optimize online content for search engines. They use SEO strategies to improve website rankings, increase organic traffic, and enhance online visibility.","c, seo"
Business Analyst,"Healthcare Business Analysts work in the healthcare industry, analyzing data and processes to improve healthcare delivery. They collaborate with healthcare professionals and IT teams to optimize systems and workflows.",c
Graphic Designer,"UI/UX Designers focus on creating user-friendly and visually appealing interfaces for digital products. They conduct user research, design wireframes and prototypes, and collaborate with development teams to ensure a seamless and enjoyable user experience.","c, ux design"
Financial Advisor,"Retirement Planners assist clients in planning for retirement, including savings strategies, pension options, and retirement income planning.",c
Psychologist,"School Psychologists work in educational settings, supporting students emotional and academic development. They provide counseling and assessments to enhance learning outcomes.",c
Administrative Assistant,"Accurately input and maintain data in databases or spreadsheets, ensuring data integrity and organization.",c
QA Analyst,"Software QA Testers ensure the quality of software products by designing and executing test cases, identifying defects, and reporting issues to developers. They play a critical role in ensuring software reliability and functionality.",c
Registered Nurse,"A Charge Nurse leads and supervises nursing staff, coordinates patient care, and ensures efficient operations within a healthcare unit or department.","c, nursing, patient care"
Back-End Developer,An API Developer creates and maintains application programming interfaces (APIs) that enable data exchange between different software applications or systems.,c
UX Researcher,"Develop user experience (UX) strategies, create user journeys, and ensure user-centric design in product development.",c
Chemical Engineer,"Monitor and maintain product quality standards, perform inspections, and implement quality control procedures.",c
Product Manager,"Technical Product Managers oversee the development and enhancement of technical products. They define product requirements, prioritize features, collaborate with development teams, and ensure the product aligns with the companys strategic goals and market needs.","c, go"
Structural Engineer,"A Construction Engineer manages construction projects, oversees project planning, budgets, and construction activities, and ensures projects are completed on time and within budget.",c
Physical Therapist,"Provide physical therapy services to patients with orthopedic conditions, rehabilitate injuries, and improve mobility.",c
Account Director,"Business Development Directors lead efforts to identify and pursue new business opportunities. They develop growth strategies, build relationships with clients, and oversee business development teams to achieve revenue and expansion goals.","c, go"
UX Researcher,Evaluate and improve the usability of websites and applications through user testing and analysis.,c
Accountant,"Forensic Accountants investigate financial discrepancies and fraud. They analyze financial documents, track financial transactions, and provide expert testimony in legal proceedings. They play a critical role in detecting and preventing financial fraud.",c
Customer Success Manager,A Customer Support Specialist assists customers with inquiries or issues related to a companys products or services. They provide solutions and maintain customer satisfaction.,c
Software Architect,"An Enterprise Architect oversees the overall IT infrastructure, ensuring it supports business processes, and develops strategies to enhance the organizations technology landscape.",c
Marketing Coordinator,"Event Marketing Coordinators focus on marketing events, including trade shows, exhibitions, and product launches, to maximize attendance and engagement.",c
Event Planner,"Corporate Event Planners organize business-related events such as seminars, conferences, and product launches, ensuring they meet corporate goals and standards.","c, go"
Public Relations Specialist,"Media Relations Specialists manage relationships with media outlets, crafting press releases, organizing media coverage, and handling public relations efforts.",c
Dental Hygienist,A Dental Public Health Hygienist works to improve oral health at the community level. They develop and implement public health programs and educate individuals on oral hygiene.,c
Content Writer,"Copywriters create compelling written content for various mediums, such as advertising, websites, and marketing materials. They craft persuasive and engaging messages that resonate with target audiences.",c
Aerospace Engineer,"Aircraft Design Engineers design and develop aircraft systems and structures. They work on aircraft components, propulsion systems, and aerodynamics to ensure safety and efficiency.",c
SEM Specialist,Paid Advertising Specialists manage paid advertising campaigns. They use platforms like Google Ads and social media advertising to reach target audiences and achieve marketing goals.,"c, go"
Urban Planner,Environmental Planners assess and mitigate the impact of projects on the environment. They ensure compliance with environmental regulations and promote sustainable practices.,c
Social Media Manager,"Community Managers build and engage online communities around a brand or product. They interact with community members, moderate discussions, and foster a sense of belonging and loyalty among community members.",c
Chemical Engineer,"Optimize manufacturing processes, improve efficiency, and ensure product quality in industrial settings.",c
Research Analyst,A Data Analyst Researcher conducts research and analysis using data to support academic or scientific inquiries. They contribute to research projects and publish findings.,c
Landscape Architect,Create aesthetically pleasing and functional landscape designs for residential properties.,c
Dental Hygienist,A Periodontal Therapist specializes in treating gum diseases and conditions. They perform procedures such as scaling and root planing to improve oral health and prevent tooth loss.,c
Landscape Designer,"Sustainable Landscape Specialists focus on creating environmentally friendly and sustainable landscapes. They incorporate eco-friendly practices, native plants, and water conservation techniques into landscape design and maintenance.",c
Marketing Director,"Digital Marketing Directors lead digital marketing efforts. They develop and execute digital strategies, oversee campaigns, and measure performance to achieve marketing goals.","c, go"
Family Nurse Practitioner,"Pediatric Nurse Practitioners specialize in pediatric care. They provide healthcare to children, including diagnosis, treatment, and preventive care.",c
Sales Consultant,"Sales Advisors provide expert advice to customers about products or services. They help customers make informed purchase decisions, answer questions, and offer solutions tailored to individual needs.",c
Physical Therapist,"Focus on the physical therapy needs of elderly patients, addressing mobility and age-related conditions.",c
Content Writer,"Technical Writers specialize in creating user-friendly documentation and manuals for technical products and services. They translate complex technical information into accessible, understandable content.",c
Mechanical Designer,"Design and optimize heating, ventilation, and air conditioning (HVAC) systems for buildings, focusing on energy efficiency and comfort.",c
Chemical Analyst,"As a Research Chemist, you will engage in scientific research and experimentation to discover and develop new chemical compounds or processes. Your work may involve designing experiments, analyzing data, and publishing research findings. Your role contributes to the advancement of scientific knowledge and may have applications in various industries.",c
Legal Secretary,"A Legal Assistant supports legal professionals by performing administrative and research tasks, organizing legal documents, and assisting with legal proceedings and documentation.",c
Project Coordinator,"Administrative Coordinators support administrative tasks, including data entry, scheduling, and document management, to enhance organizational efficiency.",c
Human Resources Manager,"HR Generalists handle various HR functions, including recruitment, employee relations, benefits administration, and HR compliance. They serve as a resource for employees and management, ensuring HR policies and practices align with organizational goals and legal requirements.","c, go"
Network Security Specialist,"Cybersecurity Analysts protect computer systems and networks from cyber threats. They monitor security systems, investigate breaches, and implement security measures to safeguard data.","c, cybersecurity"
Finance Manager,"Financial Planning Managers oversee financial planning services. They lead a team of financial planners, develop financial strategies, and ensure clients financial goals are met.","c, go"
Java Developer,"Java Web Application Developers create web applications using Java technologies. They develop user interfaces, integrate backend systems, and ensure the functionality and security of web applications to provide a seamless user experience.","c, java"
Brand Ambassador,"Product Demonstrators showcase products to potential customers. They explain features, answer questions, and help customers make informed purchase decisions.",c
Structural Engineer,"A Bridge Engineer specializes in designing and maintaining bridges, ensuring their structural integrity, safety, and compliance with engineering standards and regulations.",c
Sales Representative,"Outside Sales Representatives meet with potential customers in person to sell products or services. They build relationships, identify sales opportunities, and provide product information and solutions to meet the needs of clients and achieve sales goals.","c, go"
Event Coordinator,"Plan and execute weddings, coordinate vendors, manage budgets, and oversee all aspects of the event to create a memorable day.",c
Physician Assistant,"Work in emergency departments, diagnose and treat acute medical conditions, and provide urgent care.",c
Web Designer,"E-commerce Web Designers specialize in designing and optimizing online stores and shopping websites. They focus on user experience, product presentation, and conversion rate optimization to drive online sales and customer engagement.",c
Copywriter,"Technical Copywriters create content that explains complex technical concepts in a clear and accessible manner. They often write user manuals, product documentation, and technical guides to assist users and customers.",c
Business Development Manager,"A Market Expansion Manager strategizes and executes plans to expand the companys presence in new markets, identifying growth opportunities and optimizing market penetration.",c
Software Architect,"A Solution Architect designs and develops effective solutions for complex business problems, leveraging technology and aligning them with the organizations goals and objectives.","c, go"
Chemical Engineer,"Conduct research, design experiments, and develop innovative products or technologies in various industries.",c
Market Analyst,Competitive Intelligence Analysts gather data on competitors and industry trends. They analyze information to help businesses make informed decisions and gain a competitive edge.,c
Paralegal,"Assist in litigation cases, including document preparation, legal research, and trial support.",c
Physician Assistant,"Provide medical care under the supervision of physicians, conduct examinations, diagnose and treat patients.",c
Graphic Designer,"Web Graphic Designers create visually appealing graphics, images, and layouts for websites. They work closely with web developers and UI/UX designers to ensure that web content is aesthetically pleasing, on-brand, and engaging to users.","c, ux design"
Mechanical Designer,"Design and develop innovative products, from concept to production, ensuring usability, functionality, and aesthetics.",c
Marketing Analyst,"Analyze digital marketing campaigns, track performance metrics, and optimize online marketing strategies.",c
Legal Secretary,"A Court Clerk manages administrative tasks within a court system, including maintaining court records, scheduling hearings, and assisting judges and legal professionals as needed.",c
Teacher,A Subject Matter Expert possesses deep knowledge in a specific field and provides expertise to solve complex problems or guide decision-making within that domain.,c
Brand Ambassador,"Brand Promoters are responsible for promoting a companys brand or products. They engage with the target audience, create marketing strategies, and build brand awareness.",c
SEO Analyst,"As an SEO Content Strategist, your primary responsibility is to develop and execute content strategies that enhance our online presence. You will conduct keyword research, optimize website content, and collaborate with the marketing team to improve search engine rankings and drive organic traffic. Your role involves staying updated with SEO trends and implementing best practices to boost our websites visibility and engagement.","c, seo"
Sales Consultant,"Sales Trainers develop and deliver training programs to sales teams. They teach sales techniques, product knowledge, and communication skills to improve the performance and effectiveness of sales representatives.","c, communication"
Finance Manager,"Treasury Managers manage a companys treasury operations. They oversee cash management, investments, and financial risk management to maintain liquidity and financial stability.",c
Tax Consultant,"A Business Tax Consultant specializes in tax planning and compliance for businesses. They assist with tax strategy, filings, and help organizations minimize tax liabilities.",c
HR Manager,"An Employee Development Manager focuses on employee growth and skill development, designing and implementing training programs to enhance employee capabilities and performance.",c
